Actual_PM2.5,Predicted_PM2.5,Error,Absolute_Error
11.80666667,13.097047171849077,-1.2903805018490768,1.2903805018490768
13.84833333,14.031604279909864,-0.18327094990986303,0.18327094990986303
10.69333333,11.547806268078205,-0.8544729380782048,0.8544729380782048
10.835,11.496175173282909,-0.6611751732829081,0.6611751732829081
14.65333333,15.297578072866802,-0.6442447428668014,0.6442447428668014
15.31,15.651529720645254,-0.3415297206452532,0.3415297206452532
9.111666667,10.428748212136295,-1.3170815451362952,1.3170815451362952
10.69666667,11.292418262364501,-0.5957515923645005,0.5957515923645005
14.19333333,14.751603047154886,-0.5582697171548858,0.5582697171548858
13.53333333,14.176881784738645,-0.6435484547386459,0.6435484547386459
12.27333333,12.948142673571002,-0.6748093435710025,0.6748093435710025
13.57166667,14.00499829895205,-0.4333316289520486,0.4333316289520486
14.43666667,14.988965744808901,-0.5522990748089018,0.5522990748089018
14.21698113,14.726565255954771,-0.5095841259547704,0.5095841259547704
15.625,16.138795246135754,-0.5137952461357536,0.5137952461357536
16.11333333,16.746075937469286,-0.6327426074692859,0.6327426074692859
16.05166667,16.58352394138275,-0.5318572713827514,0.5318572713827514
13.583333330000002,14.428219373091116,-0.8448860430911136,0.8448860430911136
16.37166667,16.438581277394515,-0.06691460739451571,0.06691460739451571
17.59333333,17.863513509532634,-0.27018017953263396,0.27018017953263396
18.20833333,18.317514269342354,-0.10918093934235529,0.10918093934235529
16.02333333,16.532283626290617,-0.5089502962906174,0.5089502962906174
13.98333333,14.179901532517817,-0.19656820251781681,0.19656820251781681
12.62,13.082942338183635,-0.4629423381836357,0.4629423381836357
11.30166667,11.978958300280457,-0.6772916302804575,0.6772916302804575
11.66333333,12.121564684802472,-0.45823135480247146,0.45823135480247146
11.12666667,12.016444627718018,-0.8897779577180174,0.8897779577180174
13.40833333,13.699376560739267,-0.29104323073926786,0.29104323073926786
16.475,16.9761662660489,-0.501166266048898,0.501166266048898
12.780000000000001,13.305882634238253,-0.5258826342382523,0.5258826342382523
12.04666667,12.135954759127156,-0.08928808912715525,0.08928808912715525
12.64166667,12.965216545565088,-0.32354987556508874,0.32354987556508874
11.705,12.429934558300015,-0.7249345583000153,0.7249345583000153
11.861666670000002,12.274983591914147,-0.41331692191414504,0.41331692191414504
11.92333333,12.516872741896265,-0.5935394118962645,0.5935394118962645
12.853333329999998,13.401874356358839,-0.5485410263588406,0.5485410263588406
11.85833333,12.516219857720667,-0.6578865277206667,0.6578865277206667
12.20192308,12.670524912480387,-0.46860183248038645,0.46860183248038645
14.93207547,15.562422440302504,-0.6303469703025044,0.6303469703025044
14.26,14.944963252977995,-0.6849632529779957,0.6849632529779957
13.33333333,14.107007331246374,-0.7736740012463734,0.7736740012463734
14.27666667,14.88553494629529,-0.6088682762952917,0.6088682762952917
16.17666667,16.882370580070408,-0.7057039100704081,0.7057039100704081
17.93666667,18.123827304497382,-0.1871606344973813,0.1871606344973813
17.675,18.208947871226126,-0.5339478712261254,0.5339478712261254
17.435,17.820392886739885,-0.38539288673988636,0.38539288673988636
19.26,19.46733921474201,-0.20733921474201011,0.20733921474201011
18.59666667,19.12387337014811,-0.5272067001481098,0.5272067001481098
18.11666667,18.225483906110508,-0.10881723611050731,0.10881723611050731
17.86333333,18.08022129718282,-0.21688796718282077,0.21688796718282077
17.475,17.73178556988597,-0.25678556988597023,0.25678556988597023
17.86,17.787774983487452,0.07222501651254731,0.07222501651254731
18.42333333,18.444041479435874,-0.020708149435876066,0.020708149435876066
15.21,15.649181873085627,-0.4391818730856265,0.4391818730856265
18.67,18.140754277551956,0.5292457224480458,0.5292457224480458
17.86833333,18.53724049741869,-0.6689071674186913,0.6689071674186913
21.58333333,20.79971540888336,0.7836179211166403,0.7836179211166403
21.39333333,20.716688667060478,0.6766446629395233,0.6766446629395233
16.505,16.868125027679742,-0.3631250276797431,0.3631250276797431
17.08833333,17.037426134698002,0.05090719530199905,0.05090719530199905
18.62166667,18.411300130364804,0.2103665396351957,0.2103665396351957
17.93,17.907165789220805,0.022834210779194564,0.022834210779194564
18.93773585,18.984582155571378,-0.046846305571378366,0.046846305571378366
16.43166667,16.672347248802524,-0.24068057880252525,0.24068057880252525
16.36833333,16.317563807568316,0.050769522431682645,0.050769522431682645
20.125,19.864254087932775,0.2607459120672253,0.2607459120672253
23.05833333,22.20462200360534,0.8537113263946594,0.8537113263946594
21.70666667,21.03892266280047,0.6677440071995306,0.6677440071995306
24.21666667,23.647378449138387,0.5692882208616119,0.5692882208616119
21.815,21.029735695034425,0.7852643049655761,0.7852643049655761
18.37833333,18.215588749174376,0.16274458082562404,0.16274458082562404
16.31833333,16.35909199514733,-0.04075866514732951,0.04075866514732951
17.73333333,17.558025517495633,0.1753078125043679,0.1753078125043679
17.73,17.601467352964097,0.12853264703590384,0.12853264703590384
17.51833333,17.54397456262138,-0.025641232621378407,0.025641232621378407
16.61333333,16.510664602858547,0.10266872714145237,0.10266872714145237
16.64833333,16.55622862883177,0.09210470116822833,0.09210470116822833
16.85666667,16.82753211252897,0.029134557471028444,0.029134557471028444
20.50666667,20.478680691648442,0.027985978351559027,0.027985978351559027
19.925,19.900859972535475,0.024140027464525815,0.024140027464525815
18.54833333,18.471244999958042,0.07708833004195625,0.07708833004195625
14.39,14.539740230568956,-0.14974023056895547,0.14974023056895547
17.17666667,16.669131635770672,0.5075350342293277,0.5075350342293277
16.995,17.36724721503976,-0.37224721503976,0.37224721503976
16.23,16.454293283707752,-0.2242932837077518,0.2242932837077518
16.04833333,16.116834567780728,-0.0685012377807297,0.0685012377807297
16.20754717,16.7287146062775,-0.5211674362774978,0.5211674362774978
19.62833333,19.818178451143794,-0.1898451211437937,0.1898451211437937
21.96833333,21.449219958070387,0.5191133719296133,0.5191133719296133
23.765,23.099209605822836,0.665790394177165,0.665790394177165
22.28333333,21.64738741980392,0.6359459101960816,0.6359459101960816
18.67666667,18.622916887265376,0.05374978273462361,0.05374978273462361
21.72833333,21.32793705596406,0.40039627403594125,0.40039627403594125
31.295,30.929774683516094,0.3652253164839081,0.3652253164839081
25.58666667,25.40513027481503,0.18153639518497044,0.18153639518497044
22.18833333,21.364389702945935,0.8239436270540637,0.8239436270540637
15.48833333,15.725441914136127,-0.23710858413612712,0.23710858413612712
13.495,13.625255190764952,-0.1302551907649523,0.1302551907649523
16.13333333,15.70674629052722,0.42658703947277843,0.42658703947277843
13.86666667,14.234246216784701,-0.3675795467847003,0.3675795467847003
13.81,14.106824143356327,-0.2968241433563268,0.2968241433563268
11.774999999999999,12.212959595232341,-0.43795959523234274,0.43795959523234274
15.755,15.97970607165242,-0.22470607165241852,0.22470607165241852
13.21666667,13.639434820869928,-0.4227681508699277,0.4227681508699277
12.666666670000001,13.2787771651927,-0.6121104951926988,0.6121104951926988
14.315,14.818511314725107,-0.5035113147251078,0.5035113147251078
16.51166667,17.363103619063175,-0.8514369490631744,0.8514369490631744
18.40666667,18.929379134620724,-0.5227124646207244,0.5227124646207244
17.17,17.72598789501985,-0.5559878950198467,0.5559878950198467
22.56166667,21.99123505109686,0.5704316189031395,0.5704316189031395
22.98490566,22.196996253047544,0.7879094069524548,0.7879094069524548
19.695,19.91310432400101,-0.2181043240010112,0.2181043240010112
26.04333333,25.774980920005554,0.26835240999444565,0.26835240999444565
23.69,23.521391136225997,0.1686088637740042,0.1686088637740042
30.72,30.84729449448973,-0.12729449448973185,0.12729449448973185
39.925,39.37399605667804,0.5510039433219589,0.5510039433219589
36.95,36.84712892383932,0.1028710761606817,0.1028710761606817
29.535,28.879653717589107,0.6553462824108927,0.6553462824108927
23.58166667,22.268738082055652,1.3129285879443486,1.3129285879443486
12.72,14.056849979857159,-1.336849979857158,1.336849979857158
15.735,15.195093956407806,0.5399060435921932,0.5399060435921932
14.36333333,14.773822660641692,-0.4104893306416919,0.4104893306416919
13.58833333,14.084671719891475,-0.4963383898914753,0.4963383898914753
14.73666667,14.834661323917313,-0.0979946539173131,0.0979946539173131
14.31333333,15.043918942482168,-0.7305856124821677,0.7305856124821677
15.82666667,16.31371844654767,-0.4870517765476716,0.4870517765476716
19.70666667,19.743181867746706,-0.03651519774670575,0.03651519774670575
18.89666667,19.562753482994665,-0.6660868129946671,0.6660868129946671
17.77166667,18.09602870064987,-0.3243620306498727,0.3243620306498727
16.52833333,16.712266362129352,-0.18393303212935308,0.18393303212935308
17.14833333,16.884021806553353,0.2643115234466471,0.2643115234466471
15.67333333,15.502416045883736,0.17091728411626406,0.17091728411626406
12.46,12.62742568273708,-0.16742568273707903,0.16742568273707903
10.90666667,11.760829697213182,-0.8541630272131826,0.8541630272131826
9.050943396,10.530674841573504,-1.4797314455735044,1.4797314455735044
10.61833333,11.572757853212417,-0.9544245232124169,0.9544245232124169
11.43166667,12.344630486747157,-0.9129638167471565,0.9129638167471565
11.95333333,12.625465762474022,-0.6721324324740223,0.6721324324740223
13.3,13.791210107916239,-0.4912101079162383,0.4912101079162383
13.02166667,13.704709927198959,-0.6830432571989586,0.6830432571989586
10.79833333,11.954271038157144,-1.1559377081571434,1.1559377081571434
12.63166667,12.68601411414535,-0.054347444145349755,0.054347444145349755
6.730000000000002,9.100558043519598,-2.370558043519596,2.370558043519596
4.868333332999997,7.668352016103777,-2.8000186831037794,2.8000186831037794
4.838333333000001,7.254718831324025,-2.416385498324024,2.416385498324024
4.953333333,7.753744195326934,-2.8004108623269346,2.8004108623269346
5.115,7.97251871002036,-2.8575187100203596,2.8575187100203596
4.963333333,7.789548870611231,-2.8262155376112315,2.8262155376112315
9.03,10.23511671075284,-1.20511671075284,1.20511671075284
12.513333330000002,13.187284005202425,-0.6739506752024234,0.6739506752024234
12.59666667,13.095788309739625,-0.4991216397396254,0.4991216397396254
15.63333333,16.514830384219742,-0.8814970542197429,0.8814970542197429
21.95166667,21.168856597167537,0.782810072832465,0.782810072832465
22.375,21.678011015447154,0.6969889845528456,0.6969889845528456
22.14333333,21.532245907558103,0.6110874224418978,0.6110874224418978
27.4,26.444154872718737,0.9558451272812611,0.9558451272812611
20.99,20.72849778882012,0.26150221117987726,0.26150221117987726
17.46140351,17.828317030720655,-0.3669135207206544,0.3669135207206544
18.40727273,18.794171021230763,-0.38689829123076436,0.38689829123076436
21.77833333,20.93725512696207,0.8410782030379274,0.8410782030379274
14.81833333,15.714675030051945,-0.8963417000519449,0.8963417000519449
12.05333333,13.240854736480566,-1.1875214064805668,1.1875214064805668
16.63,17.16181261364391,-0.5318126136439112,0.5318126136439112
20.65333333,20.30503251698334,0.34830081301666027,0.34830081301666027
25.33,24.752452740227998,0.5775472597720004,0.5775472597720004
30.66666667,30.264935754955253,0.4017309150447481,0.4017309150447481
29.34833333,29.04690743054214,0.3014258994578576,0.3014258994578576
32.485,31.868264626399693,0.6167353736003065,0.6167353736003065
11.64333333,13.041452499626583,-1.3981191696265824,1.3981191696265824
14.28166667,14.09206769325155,0.1895989767484494,0.1895989767484494
14.15166667,15.296715695273694,-1.1450490252736945,1.1450490252736945
11.56333333,12.4395839328681,-0.8762506028680992,0.8762506028680992
19.225,19.4910951661129,-0.26609516611289763,0.26609516611289763
26.84166667,25.98888415810726,0.8527825118927375,0.8527825118927375
15.505,16.41964415002745,-0.9146441500274509,0.9146441500274509
22.70833333,21.345741936380968,1.3625913936190308,1.3625913936190308
18.96166667,19.723393495095596,-0.7617268250955966,0.7617268250955966
18.55166667,18.91263194241499,-0.3609652724149903,0.3609652724149903
19.06,19.659667562480312,-0.5996675624803132,0.5996675624803132
24.53833333,24.942421117678656,-0.4040877876786553,0.4040877876786553
28.29833333,29.0239360494512,-0.7256027194512029,0.7256027194512029
28.76551724,30.580687022845844,-1.8151697828458424,1.8151697828458424
39.86181818,40.192357846724136,-0.3305396667241354,0.3305396667241354
50.01166667,48.77078558392749,1.2408810860725055,1.2408810860725055
62.31666667,58.91609350726923,3.4005731627307654,3.4005731627307654
59.005,55.355499012502996,3.6495009874970066,3.6495009874970066
53.50833333,50.554949426913666,2.9533839030863334,2.9533839030863334
44.66,41.85461236742289,2.8053876325771085,2.8053876325771085
33.76166667,33.08783451810898,0.6738321518910197,0.6738321518910197
24.93166667,23.652037062971935,1.2796296070280633,1.2796296070280633
21.67166667,21.115612941845328,0.5560537281546729,0.5560537281546729
14.84333333,16.1972169702254,-1.3538836402254013,1.3538836402254013
11.62833333,12.580241172885296,-0.9519078428852961,0.9519078428852961
11.29166667,12.643040390292107,-1.3513737202921074,1.3513737202921074
15.84333333,16.221242157085207,-0.3779088270852071,0.3779088270852071
29.98833333,28.213668121578117,1.774665208421883,1.774665208421883
20.44166667,21.10522495243684,-0.6635582824368385,0.6635582824368385
18.74833333,18.496948590396936,0.25138473960306484,0.25138473960306484
18.45,19.007963649343495,-0.5579636493434954,0.5579636493434954
13.91166667,14.627751235978021,-0.7160845659780204,0.7160845659780204
12.00333333,12.353641556106671,-0.3503082261066712,0.3503082261066712
12.01,13.02583652433529,-1.01583652433529,1.01583652433529
11.705,12.467988831583533,-0.7629888315835327,0.7629888315835327
11.74,12.189912149965602,-0.449912149965602,0.449912149965602
11.60833333,12.468726654088773,-0.860393324088772,0.860393324088772
11.87758621,12.686268929134272,-0.8086827191342714,0.8086827191342714
14.98909091,15.711489842690412,-0.7223989326904121,0.7223989326904121
13.83833333,14.789097614878157,-0.9507642848781579,0.9507642848781579
15.27166667,16.008377828851273,-0.7367111588512731,0.7367111588512731
13.195,14.246379086692585,-1.0513790866925845,1.0513790866925845
16.35,16.892530535418537,-0.5425305354185355,0.5425305354185355
15.355,16.291562536808094,-0.9365625368080934,0.9365625368080934
12.72833333,13.88921404442074,-1.16088071442074,1.16088071442074
11.29333333,12.327427305654217,-1.0340939756542173,1.0340939756542173
10.89,12.123549959790795,-1.2335499597907944,1.2335499597907944
10.74333333,11.758036240357008,-1.0147029103570073,1.0147029103570073
10.49666667,11.60857647359561,-1.1119098035956103,1.1119098035956103
14.47333333,15.331783815789015,-0.8584504857890138,0.8584504857890138
16.02,16.92067808367252,-0.9006780836725206,0.9006780836725206
17.195,17.91556200649262,-0.7205620064926208,0.7205620064926208
14.33333333,15.097375577496612,-0.7640422474966115,0.7640422474966115
14.93666667,15.380570744277605,-0.44390407427760614,0.44390407427760614
17.05833333,17.719318809939743,-0.6609854799397432,0.6609854799397432
17.1,17.24863369010284,-0.14863369010283733,0.14863369010283733
11.62,12.499601736913238,-0.879601736913239,0.879601736913239
10.58833333,11.383860079036113,-0.7955267490361138,0.7955267490361138
10.10666667,11.251271346466671,-1.1446046764666722,1.1446046764666722
8.938333333,10.171654467280325,-1.2333211342803256,1.2333211342803256
8.07,9.693522664632813,-1.6235226646328123,1.6235226646328123
8.239655171999999,9.735850476859904,-1.4961953048599046,1.4961953048599046
8.807272727,10.400584817179022,-1.5933120901790208,1.5933120901790208
10.42333333,11.608031347002392,-1.1846980170023915,1.1846980170023915
12.47333333,13.03806447446292,-0.5647311444629199,0.5647311444629199
13.93833333,14.608283560984766,-0.6699502309847656,0.6699502309847656
14.28,14.834107957038384,-0.5541079570383847,0.5541079570383847
9.522916667,10.890648553536684,-1.3677318865366832,1.3677318865366832
10.64,11.588776968635438,-0.9487769686354373,0.9487769686354373
12.71166667,13.44342948333345,-0.7317628133334502,0.7317628133334502
12.60333333,13.101174921122372,-0.4978415911223717,0.4978415911223717
12.44833333,13.07213932361595,-0.6238059936159495,0.6238059936159495
12.420000000000002,13.29913320637246,-0.8791332063724582,0.8791332063724582
16.55,17.040695309586976,-0.49069530958697527,0.49069530958697527
16.52,17.29500478867468,-0.775004788674682,0.775004788674682
18.845,19.615931017947393,-0.7709310179473938,0.7709310179473938
26.32666667,25.80249143078723,0.5241752392127701,0.5241752392127701
26.56166667,26.305152028525143,0.25651464147485825,0.25651464147485825
34.55666667,33.84241903222113,0.7142476377788682,0.7142476377788682
38.405,37.91131745270135,0.49368254729865413,0.49368254729865413
27.88333333,27.34918164919635,0.5341516808036495,0.5341516808036495
20.64833333,19.762108853223662,0.8862244767763379,0.8862244767763379
16.81666667,17.71659460317695,-0.8999279331769507,0.8999279331769507
15.07333333,15.390344356999492,-0.31701102699949146,0.31701102699949146
13.03962264,13.531682943302869,-0.49206030330286943,0.49206030330286943
12.83833333,13.707634594758385,-0.869301264758386,0.869301264758386
13.30666667,13.811726834667372,-0.5050601646673716,0.5050601646673716
14.21,14.675019733357246,-0.465019733357245,0.465019733357245
17.625,17.85640214296367,-0.23140214296367034,0.23140214296367034
17.29166667,17.807693814123407,-0.5160271441234059,0.5160271441234059
16.83666667,17.50623801573885,-0.6695713457388521,0.6695713457388521
17.82,17.80421958289384,0.015780417106160627,0.015780417106160627
16.365,17.006435054005443,-0.641435054005445,0.641435054005445
14.175,14.593782559737043,-0.4187825597370427,0.4187825597370427
15.02666667,15.358979611043328,-0.33231294104332854,0.33231294104332854
15.00166667,15.454693381988184,-0.45302671198818345,0.45302671198818345
14.93333333,15.407705371257213,-0.47437204125721344,0.47437204125721344
15.98166667,16.19715548501663,-0.21548881501663075,0.21548881501663075
15.6,16.42882256057372,-0.8288225605737214,0.8288225605737214
18.425,18.761636867805223,-0.33663686780522184,0.33663686780522184
28.25166667,27.56682027219786,0.68484639780214,0.68484639780214
34.48166667,34.033639299231794,0.44802737076820875,0.44802737076820875
24.20333333,23.77523535610507,0.42809797389492843,0.42809797389492843
17.33833333,17.367400611127618,-0.029067281127616695,0.029067281127616695
17.68666667,17.82323800384879,-0.1365713338487886,0.1365713338487886
15.75333333,16.372052696835148,-0.6187193668351476,0.6187193668351476
19.57,18.576096376188193,0.9939036238118071,0.9939036238118071
13.11666667,13.925348331133495,-0.8086816611334946,0.8086816611334946
12.579245279999999,12.636670649437171,-0.05742536943717269,0.05742536943717269
13.67666667,13.865532097154222,-0.18886542715422294,0.18886542715422294
12.79333333,13.22683674274916,-0.43350341274916104,0.43350341274916104
12.54833333,13.071130839418498,-0.5227975094184973,0.5227975094184973
13.59,14.11456557484815,-0.5245655748481504,0.5245655748481504
14.62666667,15.381319342541081,-0.7546526725410807,0.7546526725410807
13.53166667,14.589711541661531,-1.0580448716615312,1.0580448716615312
14.6,14.989999266797554,-0.38999926679755426,0.38999926679755426
13.53050847,14.18430881763717,-0.653800347637171,0.653800347637171
13.35737705,13.927184647110881,-0.5698075971108807,0.5698075971108807
12.395,12.89337139605152,-0.49837139605152103,0.49837139605152103
13.46333333,13.805357727680567,-0.3420243976805679,0.3420243976805679
14.70833333,15.244676706335682,-0.5363433763356813,0.5363433763356813
14.95666667,15.262093817923052,-0.3054271479230515,0.3054271479230515
16.56666667,17.22980305258189,-0.6631363825818894,0.6631363825818894
23.03898305,22.518532518441624,0.5204505315583745,0.5204505315583745
30.263333329999995,29.988408247051073,0.27492508294892204,0.27492508294892204
28.59,28.267922796570307,0.3220772034296928,0.3220772034296928
24.71666667,24.011689086858304,0.7049775831416945,0.7049775831416945
21.84,21.116446003037346,0.7235539969626537,0.7235539969626537
15.94,16.431111775331168,-0.49111177533116823,0.49111177533116823
14.06166667,14.329951430509782,-0.26828476050978267,0.26828476050978267
13.01166667,13.783638553083698,-0.7719718830836975,0.7719718830836975
11.99666667,12.832166356995806,-0.8354996869958065,0.8354996869958065
11.69622642,12.418108480567849,-0.7218820605678484,0.7218820605678484
12.015,12.725405849186645,-0.7104058491866443,0.7104058491866443
13.075,13.856256070915677,-0.7812560709156777,0.7812560709156777
19.175,19.480637173892625,-0.3056371738926238,0.3056371738926238
16.54333333,17.600700055590735,-1.057366725590736,1.057366725590736
23.80166667,22.822909022709783,0.978757647290216,0.978757647290216
21.35,21.123598254100802,0.22640174589919937,0.22640174589919937
18.2,17.942356246285534,0.2576437537144649,0.2576437537144649
15.92,16.03191430338158,-0.11191430338157993,0.11191430338157993
14.05166667,14.247934599087651,-0.1962679290876519,0.1962679290876519
12.495000000000001,13.147972137545718,-0.6529721375457171,0.6529721375457171
12.29166667,12.830556331941418,-0.5388896619414183,0.5388896619414183
13.166666669999998,13.67219946459484,-0.505532794594842,0.505532794594842
12.01333333,12.619278575641001,-0.605945245641001,0.605945245641001
18.35,18.832433361728494,-0.4824333617284928,0.4824333617284928
27.805,26.204351782757875,1.6006482172421244,1.6006482172421244
23.63833333,22.940175260932886,0.6981580690671123,0.6981580690671123
14.87,15.116083878468151,-0.24608387846815205,0.24608387846815205
18.61666667,18.011595880843963,0.6050707891560378,0.6050707891560378
7.363333333,10.002856017690462,-2.639522684690462,2.639522684690462
8.033333333,9.175604227097988,-1.1422708940979884,1.1422708940979884
7.736666667,9.553882782966914,-1.8172161159669145,1.8172161159669145
13.11666667,14.364388852234113,-1.2477221822341118,1.2477221822341118
10.29122807,11.302385204866543,-1.0111571348665418,1.0111571348665418
11.94642857,12.339631168792845,-0.39320259879284514,0.39320259879284514
13.39333333,14.322590319896948,-0.9292569898969472,0.9292569898969472
15.39166667,16.217172089811893,-0.8255054198118934,0.8255054198118934
17.785,18.233794234250485,-0.44879423425048515,0.44879423425048515
17.89166667,18.485881569752422,-0.5942148997524228,0.5942148997524228
17.94166667,18.32247238586811,-0.3808057158681102,0.3808057158681102
20.91666667,20.673527476707303,0.2431391932926985,0.2431391932926985
19.76666667,19.682796142867904,0.08387052713209542,0.08387052713209542
16.68166667,17.2937318229993,-0.6120651529992998,0.6120651529992998
15.48833333,15.9226027932766,-0.43426946327659977,0.43426946327659977
14.36,14.796237505513046,-0.43623750551304674,0.43623750551304674
14.68166667,15.132253220638372,-0.4505865506383717,0.4505865506383717
13.02,13.593245483984834,-0.5732454839848344,0.5732454839848344
11.61,12.145660547958958,-0.5356605479589582,0.5356605479589582
13.025000000000002,13.256987948167284,-0.23198794816728174,0.23198794816728174
15.26666667,15.481231222121846,-0.21456455212184622,0.21456455212184622
9.423333333,10.985124063086365,-1.561790730086365,1.561790730086365
11.02333333,11.595285526611203,-0.5719521966112033,0.5719521966112033
17.14333333,17.33254705497486,-0.18921372497485933,0.18921372497485933
30.24,28.368141151392724,1.8718588486072747,1.8718588486072747
24.16333333,23.32982097400666,0.8335123559933386,0.8335123559933386
11.348333329999999,11.314925651983076,0.033407678016923015,0.033407678016923015
11.08,12.079171584157821,-0.9991715841578213,0.9991715841578213
11.85789474,12.877264806826332,-1.0193700668263315,1.0193700668263315
9.992857143,10.777439705224262,-0.7845825622242621,0.7845825622242621
16.43666667,16.49832033792876,-0.06165366792875915,0.06165366792875915
15.54833333,16.479170547803527,-0.9308372178035267,0.9308372178035267
9.783333333,11.03722358643095,-1.2538902534309493,1.2538902534309493
11.185,11.836230213077165,-0.6512302130771648,0.6512302130771648
16.96833333,17.2545678050843,-0.28623447508429933,0.28623447508429933
21.305,21.01672666090157,0.28827333909843134,0.28827333909843134
10.73,11.702589259409187,-0.9725892594091867,0.9725892594091867
12.26333333,13.107114265515918,-0.8437809355159178,0.8437809355159178
9.395,11.494539793503257,-2.099539793503258,2.099539793503258
9.506666667,10.340708365727242,-0.8340416987272423,0.8340416987272423
11.10166667,12.076738164400423,-0.9750714944004226,0.9750714944004226
11.338333329999998,12.552754749092623,-1.2144214190926252,1.2144214190926252
12.16666667,12.77610579169655,-0.6094391216965498,0.6094391216965498
13.37333333,14.186563486581445,-0.8132301565814455,0.8132301565814455
16.82,17.37569477563024,-0.55569477563024,0.55569477563024
15.79,16.386364488445576,-0.5963644884455768,0.5963644884455768
17.075,17.67347176184574,-0.5984717618457402,0.5984717618457402
14.47166667,15.361363906020523,-0.889697236020524,0.889697236020524
14.655,14.984034884612807,-0.32903488461280794,0.32903488461280794
13.665,14.588472012530094,-0.9234720125300946,0.9234720125300946
13.78166667,14.300422683596937,-0.5187560135969367,0.5187560135969367
12.89666667,13.42355454806561,-0.5268878780656099,0.5268878780656099
14.61071429,14.870557593146636,-0.25984330314663495,0.25984330314663495
14.14210526,14.752037563759131,-0.6099323037591322,0.6099323037591322
15.055,15.195670776407606,-0.14067077640760672,0.14067077640760672
13.63833333,14.269969756948148,-0.6316364269481483,0.6316364269481483
13.19333333,13.607729370793002,-0.41439604079300274,0.41439604079300274
13.395,13.811127829282963,-0.41612782928296355,0.41612782928296355
15.45666667,15.748934334831283,-0.2922676648312823,0.2922676648312823
14.95666667,15.785597267565832,-0.8289305975658312,0.8289305975658312
12.60166667,13.146989641941662,-0.5453229719416619,0.5453229719416619
12.86833333,13.20628863952551,-0.3379553095255101,0.3379553095255101
12.35666667,12.727763204768245,-0.37109653476824533,0.37109653476824533
14.44,14.741518522114424,-0.3015185221144243,0.3015185221144243
12.53666667,12.720892074221176,-0.18422540422117528,0.18422540422117528
11.68666667,12.27949926848401,-0.5928325984840104,0.5928325984840104
13.16333333,13.077829557833759,0.08550377216624128,0.08550377216624128
10.79,11.643326392308843,-0.8533263923088441,0.8533263923088441
12.035,12.51339153811725,-0.47839153811725055,0.47839153811725055
12.41166667,12.868249300389895,-0.4565826303898941,0.4565826303898941
15.51166667,16.046626065783077,-0.5349593957830763,0.5349593957830763
14.935,15.652232680403252,-0.7172326804032512,0.7172326804032512
19.03833333,19.51276240313973,-0.47442907313973137,0.47442907313973137
18.18666667,18.387061171477598,-0.20039450147759652,0.20039450147759652
16.56166667,16.82714576990273,-0.26547909990273055,0.26547909990273055
14.44,14.693411734131093,-0.2534117341310935,0.2534117341310935
13.14107143,13.677174695560147,-0.536103265560147,0.536103265560147
12.78947368,13.449921560737794,-0.6604478807377934,0.6604478807377934
14.29833333,14.49017047493778,-0.19183714493778048,0.19183714493778048
16.77333333,17.4147483420233,-0.6414150120233018,0.6414150120233018
21.05333333,20.685876971049176,0.3674563589508253,0.3674563589508253
17.44166667,17.90645031056721,-0.4647836405672088,0.4647836405672088
17.07833333,17.26001273233516,-0.18167940233515978,0.18167940233515978
16.83666667,17.622378504160146,-0.7857118341601463,0.7857118341601463
18.59166667,18.248273208580635,0.3433934614193639,0.3433934614193639
19.24333333,19.44828977386537,-0.20495644386537037,0.20495644386537037
19.26833333,19.62073189555974,-0.3523985655597386,0.3523985655597386
19.14333333,19.092687097687765,0.05064623231223564,0.05064623231223564
11.32833333,11.901579481977599,-0.5732461519775995,0.5732461519775995
13.053333330000001,12.912032473847251,0.1413008561527498,0.1413008561527498
10.275,11.34468449302771,-1.0696844930277098,1.0696844930277098
11.58166667,12.094143549427358,-0.5124768794273571,0.5124768794273571
12.58166667,13.034691028266288,-0.45302435826628695,0.45302435826628695
14.3,14.939423879375518,-0.6394238793755171,0.6394238793755171
15.59333333,16.236729457145778,-0.6433961271457775,0.6433961271457775
18.05333333,18.35000650823769,-0.2966731782376897,0.2966731782376897
22.53833333,22.1121742382088,0.4261590917911988,0.4261590917911988
15.93,16.67916228201994,-0.7491622820199417,0.7491622820199417
18.41333333,17.896332348982803,0.5170009810171976,0.5170009810171976
18.98833333,19.52332728137371,-0.5349939513737105,0.5349939513737105
18.62962963,18.8613740374822,-0.23174440748219993,0.23174440748219993
15.99830508,16.044309911630034,-0.046004831630034104,0.046004831630034104
16.055,16.175357710771436,-0.12035771077143664,0.12035771077143664
16.225,16.826803798045706,-0.6018037980457045,0.6018037980457045
17.00166667,17.369873013775113,-0.36820634377511396,0.36820634377511396
20.295,20.294376163654615,0.0006238363453867635,0.0006238363453867635
21.43,21.107416393034978,0.3225836069650221,0.3225836069650221
20.51833333,20.618315819303355,-0.09998248930335407,0.09998248930335407
21.75166667,21.13193108455945,0.619735585440548,0.619735585440548
24.12833333,23.338248250816928,0.790085079183072,0.790085079183072
21.855,21.55614210225312,0.2988578977468812,0.2988578977468812
21.63333333,21.1623236352687,0.4710096947313005,0.4710096947313005
20.265,20.060188273771477,0.20481172622852384,0.20481172622852384
20.07666667,20.15508403789244,-0.07841736789243825,0.07841736789243825
20.40333333,19.93957941118964,0.4637539188103581,0.4637539188103581
19.21,19.63050990574179,-0.42050990574178826,0.42050990574178826
20.955,20.571720014478842,0.38327998552115616,0.38327998552115616
19.93166667,19.965917265927768,-0.03425059592776947,0.03425059592776947
20.69833333,20.502905230035655,0.19542809996434585,0.19542809996434585
21.02833333,20.65969694947583,0.368636380524169,0.368636380524169
16.37,16.377314436195963,-0.00731443619596206,0.00731443619596206
17.31666667,16.804939150712624,0.5117275192873763,0.5117275192873763
19.47833333,19.28575608072114,0.19257724927886244,0.19257724927886244
18.25333333,18.090084602245337,0.16324872775466304,0.16324872775466304
16.04333333,15.92982381903234,0.11350951096765982,0.11350951096765982
14.95961538,14.847641675517213,0.11197370448278754,0.11197370448278754
14.99666667,15.089969779180496,-0.09330310918049634,0.09330310918049634
14.82666667,15.166526153582542,-0.3398594835825417,0.3398594835825417
15.58166667,15.936635999843165,-0.35496932984316487,0.35496932984316487
17.77833333,18.004091040632275,-0.22575771063227634,0.22575771063227634
20.205,20.372386710784177,-0.16738671078417866,0.16738671078417866
20.89833333,20.938425564467163,-0.04009223446716348,0.04009223446716348
20.355,20.157088487391746,0.19791151260825401,0.19791151260825401
19.01666667,19.17910265700947,-0.16243598700947004,0.16243598700947004
21.18,20.730136496407468,0.4498635035925318,0.4498635035925318
20.865,20.563697620937667,0.3013023790623315,0.3013023790623315
19.92166667,19.963983571958657,-0.04231690195865667,0.04231690195865667
18.82333333,18.63865939848245,0.18467393151755118,0.18467393151755118
19.61,19.552504508790797,0.0574954912092025,0.0574954912092025
18.99833333,18.913187844766444,0.08514548523355714,0.08514548523355714
15.74833333,15.272303531919516,0.47602979808048396,0.47602979808048396
13.23833333,13.038357321539744,0.19997600846025598,0.19997600846025598
14.02833333,14.287386551601454,-0.2590532216014534,0.2590532216014534
14.8,15.003904748935593,-0.2039047489355923,0.2039047489355923
15.95666667,16.257204665534285,-0.3005379955342846,0.3005379955342846
16.23833333,16.573162099034693,-0.3348287690346936,0.3348287690346936
15.15833333,15.298487990569782,-0.14015466056978276,0.14015466056978276
13.89166667,14.20663809031075,-0.3149714203107514,0.3149714203107514
13.225,13.5952776652149,-0.3702776652148998,0.3702776652148998
13.18867925,13.392103912977607,-0.20342466297760708,0.20342466297760708
15.81333333,16.14657882985833,-0.3332454998583305,0.3332454998583305
17.99,18.26826065544184,-0.27826065544184075,0.27826065544184075
16.71,17.34008469786236,-0.6300846978623582,0.6300846978623582
19.3,19.503868639001332,-0.2038686390013318,0.2038686390013318
21.825,21.36672487314293,0.45827512685707106,0.45827512685707106
18.83666667,19.3443796125772,-0.5077129425772,0.5077129425772
21.12333333,20.529409792092405,0.593923537907596,0.593923537907596
19.305,19.406273032423886,-0.10127303242388663,0.10127303242388663
20.9,20.335324282659656,0.5646757173403429,0.5646757173403429
12.21166667,13.024050283940305,-0.8123836139403053,0.8123836139403053
18.37833333,17.152413458520794,1.2259198714792063,1.2259198714792063
20.65166667,20.257861635296386,0.3938050347036146,0.3938050347036146
10.995,11.747057010448724,-0.7520570104487252,0.7520570104487252
10.19333333,10.675793245501243,-0.48245991550124323,0.48245991550124323
8.383333333,9.979245063654687,-1.595911730654688,1.595911730654688
11.97166667,12.645683620401082,-0.6740169504010822,0.6740169504010822
13.60166667,13.871673011613632,-0.270006341613632,0.270006341613632
12.646666669999998,13.545344069276158,-0.8986773992761599,0.8986773992761599
15.55,16.097853703512577,-0.5478537035125761,0.5478537035125761
19.965,20.0125507066726,-0.047550706672598864,0.047550706672598864
19.17166667,19.6511170379352,-0.47945036793520046,0.47945036793520046
14.905,15.351376045870138,-0.4463760458701387,0.4463760458701387
14.09,14.454881134444515,-0.36488113444451464,0.36488113444451464
17.96981132,18.082502113187523,-0.11269079318752162,0.11269079318752162
17.26833333,17.754092657174947,-0.4857593271749465,0.4857593271749465
19.835,19.789935584969516,0.04506441503048464,0.04506441503048464
18.035,18.49636234160868,-0.4613623416086803,0.4613623416086803
22.22333333,21.472865457919337,0.7504678720806623,0.7504678720806623
30.380000000000003,29.63965336714994,0.7403466328500627,0.7403466328500627
22.25833333,21.60918228590507,0.6491510440949284,0.6491510440949284
16.06833333,15.929934745955379,0.1383985840446229,0.1383985840446229
12.23,13.269875121151829,-1.0398751211518285,1.0398751211518285
11.681666670000002,12.58148799150025,-0.899821321500248,0.899821321500248
11.555,12.078228388377928,-0.5232283883779285,0.5232283883779285
8.378333333,10.05128481068467,-1.67295147768467,1.67295147768467
9.976666667,11.375087344094098,-1.398420677094098,1.398420677094098
9.126666667,10.182535447628203,-1.0558687806282023,1.0558687806282023
10.76666667,12.03231034705318,-1.2656436770531805,1.2656436770531805
13.223333330000003,14.109117478256632,-0.8857841482566293,0.8857841482566293
12.58166667,13.276378608182544,-0.6947119381825431,0.6947119381825431
13.35333333,13.990052322275911,-0.6367189922759113,0.6367189922759113
11.68,12.680732724872453,-1.000732724872453,1.000732724872453
11.555,12.353978773952708,-0.7989787739527081,0.7989787739527081
12.53,13.198095893923954,-0.6680958939239545,0.6680958939239545
14.15166667,14.937501674266295,-0.7858350042662963,0.7858350042662963
16.25666667,17.122319142767484,-0.8656524727674828,0.8656524727674828
21.50833333,21.14398757335747,0.36434575664252833,0.36434575664252833
38.61509434,36.50448263112288,2.1106117088771157,2.1106117088771157
25.36166667,24.66711443979603,0.6945522302039713,0.6945522302039713
22.87,21.038547888267633,1.8314521117323679,1.8314521117323679
17.76833333,18.73780849700029,-0.9694751670002901,0.9694751670002901
24.72666667,23.322111869789552,1.4045548002104482,1.4045548002104482
20.97333333,20.437112887311198,0.5362204426888013,0.5362204426888013
16.10666667,16.945072498719014,-0.838405828719015,0.838405828719015
12.853333329999998,13.439043115862443,-0.5857097858624449,0.5857097858624449
8.99,10.905314360498634,-1.915314360498634,1.915314360498634
9.981666667,11.23399907374738,-1.2523324067473798,1.2523324067473798
9.951666667,10.949591317230546,-0.9979246502305461,0.9979246502305461
8.843333333,10.412743675680302,-1.5694103426803014,1.5694103426803014
10.45333333,11.788873291093577,-1.335539961093577,1.335539961093577
9.366666667,10.879647772111925,-1.5129811051119244,1.5129811051119244
8.985,10.410118193879015,-1.4251181938790154,1.4251181938790154
10.93,12.051482956431151,-1.1214829564311515,1.1214829564311515
10.07,11.590426293513987,-1.520426293513987,1.520426293513987
10.97666667,12.065372908799965,-1.0887062387999649,1.0887062387999649
12.11,13.020312363567975,-0.9103123635679751,0.9103123635679751
12.39833333,13.331691209086454,-0.9333578790864543,0.9333578790864543
15.52833333,16.101050934368615,-0.5727176043686146,0.5727176043686146
11.661666669999999,12.781835959606653,-1.120169289606654,1.120169289606654
18.955,19.21611231561203,-0.2611123156120314,0.2611123156120314
17.7,18.403499749136735,-0.7034997491367356,0.7034997491367356
17.10377358,17.955538167951296,-0.8517645879512976,0.8517645879512976
46.42,42.18592002700039,4.234079972999609,4.234079972999609
51.435,48.18003316259373,3.254966837406272,3.254966837406272
39.78333333,37.44636503624707,2.336968293752925,2.336968293752925
27.085,25.137746314709876,1.947253685290125,1.947253685290125
15.26166667,16.557515064204953,-1.2958483942049526,1.2958483942049526
10.73666667,12.063376224185273,-1.326709554185273,1.326709554185273
10.83,12.270275853300394,-1.4402758533003936,1.4402758533003936
10.50333333,11.847406575974393,-1.3440732459743927,1.3440732459743927
9.671666667,11.140846446988451,-1.4691797799884512,1.4691797799884512
9.108333333,10.451381741513067,-1.3430484085130683,1.3430484085130683
9.123333333,10.574259614305655,-1.4509262813056552,1.4509262813056552
9.151666667,10.826493492196276,-1.6748268251962752,1.6748268251962752
9.25,10.790747766648224,-1.5407477666482237,1.5407477666482237
9.381666667,11.365655386295169,-1.9839887192951693,1.9839887192951693
11.13666667,12.395907249256862,-1.2592405792568613,1.2592405792568613
13.80166667,14.750605972583802,-0.9489393025838027,0.9489393025838027
16.26666667,17.19321301468248,-0.9265463446824818,0.9265463446824818
18.515,19.160230421892383,-0.6452304218923821,0.6452304218923821
17.68166667,18.181318510169767,-0.4996518401697685,0.4996518401697685
14.61166667,15.466481110698385,-0.8548144406983855,0.8548144406983855
17.47666667,17.62347572989603,-0.14680905989602877,0.14680905989602877
19.975,19.868167114376472,0.106832885623529,0.106832885623529
14.00175439,14.621480378551622,-0.6197259885516218,0.6197259885516218
11.565454549999998,12.538848950020519,-0.9733944000205206,0.9733944000205206
10.23,11.845242550172944,-1.615242550172944,1.615242550172944
12.08333333,12.631246639834655,-0.5479133098346551,0.5479133098346551
11.131666669999998,12.159102355558696,-1.0274356855586984,1.0274356855586984
12.693333330000002,13.56480889186282,-0.8714755618628178,0.8714755618628178
14.65166667,15.24341309021524,-0.5917464202152409,0.5917464202152409
17.45666667,17.895481064082,-0.43881439408199796,0.43881439408199796
13.026666670000001,14.008788196511176,-0.9821215265111753,0.9821215265111753
11.47666667,12.226348157909023,-0.7496814879090223,0.7496814879090223
9.945,11.323667961254772,-1.3786679612547719,1.3786679612547719
9.315,10.553910545675343,-1.2389105456753438,1.2389105456753438
11.9,12.45446842433547,-0.5544684243354698,0.5544684243354698
12.88166667,13.509536858519335,-0.627870188519335,0.627870188519335
13.35166667,13.904966935228469,-0.5533002652284686,0.5533002652284686
14.42166667,15.140107797591696,-0.7184411275916958,0.7184411275916958
11.265,12.376888035966749,-1.1118880359667482,1.1118880359667482
15.18,15.363458840195621,-0.18345884019562142,0.18345884019562142
17.495,17.96691673478252,-0.4719167347825177,0.4719167347825177
17.39833333,17.781713302544496,-0.3833799725444962,0.3833799725444962
14.83,15.425998805536588,-0.5959988055365883,0.5959988055365883
13.76,14.279803587142542,-0.5198035871425422,0.5198035871425422
13.695,14.120250738120905,-0.42525073812090497,0.42525073812090497
11.32833333,12.15214755441825,-0.8238142244182498,0.8238142244182498
18.52321429,18.16896109247625,0.3542531975237502,0.3542531975237502
23.0877193,22.395968410374202,0.6917508896257978,0.6917508896257978
9.73,10.80371987796241,-1.073719877962409,1.073719877962409
8.855,10.128434168723873,-1.2734341687238722,1.2734341687238722
11.11833333,12.438854350648572,-1.320521020648572,1.320521020648572
15.38,15.752629786038794,-0.37262978603879304,0.37262978603879304
21.9,20.966404345331092,0.9335956546689061,0.9335956546689061
16.14833333,17.391291893344615,-1.2429585633446152,1.2429585633446152
14.38,14.810780025123393,-0.43078002512339175,0.43078002512339175
15.26833333,15.470743556949655,-0.20241022694965416,0.20241022694965416
14.10833333,14.479897374128154,-0.3715640441281529,0.3715640441281529
12.29166667,12.609802880940986,-0.31813621094098643,0.31813621094098643
10.28166667,11.261623046924623,-0.9799563769246227,0.9799563769246227
10.56833333,11.810800691371693,-1.242467361371693,1.242467361371693
11.215,11.936828254910441,-0.7218282549104416,0.7218282549104416
13.71333333,14.313118428405724,-0.5997850984057251,0.5997850984057251
22.38,21.79386246000042,0.5861375399995801,0.5861375399995801
27.60666667,26.774842609263494,0.8318240607365048,0.8318240607365048
14.165,14.776586325695678,-0.6115863256956793,0.6115863256956793
17.51833333,17.055175551653388,0.46315777834661276,0.46315777834661276
14.26166667,15.74445954275591,-1.48279287275591,1.48279287275591
18.02166667,17.583052532937508,0.43861413706249053,0.43861413706249053
20.235,20.067555802299143,0.16744419770085628,0.16744419770085628
13.245,14.447716206018427,-1.2027162060184278,1.2027162060184278
11.94363636,12.704559827941122,-0.7609234679411223,0.7609234679411223
17.44827586,17.3450851250859,0.10319073491409725,0.10319073491409725
19.05666667,19.722281650775926,-0.6656149807759277,0.6656149807759277
21.51333333,20.944817490706704,0.5685158392932941,0.5685158392932941
23.68833333,22.72456881916144,0.9637645108385584,0.9637645108385584
16.83333333,17.540390989139105,-0.7070576591391067,0.7070576591391067
17.27333333,17.091076416426663,0.18225691357333673,0.18225691357333673
22.685,21.89389445759213,0.7911055424078697,0.7911055424078697
21.72666667,21.22166288347891,0.5050037865210903,0.5050037865210903
15.37333333,15.483837370945118,-0.11050404094511812,0.11050404094511812
13.41666667,13.545685724199117,-0.12901905419911763,0.12901905419911763
12.745,13.350441028420615,-0.605441028420616,0.605441028420616
11.70166667,12.293868425160351,-0.5922017551603513,0.5922017551603513
11.41,12.17451549304786,-0.7645154930478597,0.7645154930478597
12.47,13.068648611814961,-0.5986486118149603,0.5986486118149603
13.32666667,14.153990271032292,-0.8273236010322922,0.8273236010322922
17.06833333,17.629312863053347,-0.5609795330533451,0.5609795330533451
22.21666667,22.41679224623512,-0.20012557623511995,0.20012557623511995
30.12333333,30.384944740584,-0.26161141058399906,0.26161141058399906
27.33333333,27.915004670780508,-0.5816713407805096,0.5816713407805096
43.40833333,41.10277630552955,2.3055570244704455,2.3055570244704455
45.35333333,43.67437931562749,1.6789540143725077,1.6789540143725077
33.75,33.54011337513907,0.20988662486092835,0.20988662486092835
21.525,20.420508077734535,1.1044919222654634,1.1044919222654634
28.94,28.288401808167606,0.6515981918323952,0.6515981918323952
24.63103448,24.609985806694944,0.021048673305056553,0.021048673305056553
20.24333333,19.849224282196225,0.39410904780377365,0.39410904780377365
26.065,25.64950418787321,0.41549581212679243,0.41549581212679243
19.93,20.59056602330198,-0.6605660233019819,0.6605660233019819
24.295,23.26423337068873,1.0307666293112732,1.0307666293112732
26.555,26.368247896217568,0.1867521037824318,0.1867521037824318
28.42666667,28.95294281870657,-0.5262761487065717,0.5262761487065717
23.165,22.270838721043933,0.8941612789560658,0.8941612789560658
21.77333333,21.064310983077387,0.7090223469226125,0.7090223469226125
16.57166667,17.247455646180168,-0.6757889761801685,0.6757889761801685
13.68,13.756588230565598,-0.07658823056559783,0.07658823056559783
10.63666667,11.547376505484948,-0.9107098354849477,0.9107098354849477
10.87166667,12.05750723915434,-1.1858405691543403,1.1858405691543403
14.01666667,13.91380369085178,0.10286297914821851,0.10286297914821851
13.611666669999998,14.452471167807987,-0.8408044978079889,0.8408044978079889
19.35166667,19.71841374781985,-0.3667470778198485,0.3667470778198485
24.67666667,24.21431676170018,0.4623499082998208,0.4623499082998208
23.13333333,22.206649113890354,0.9266842161096456,0.9266842161096456
25.03833333,24.389619649122952,0.648713680877048,0.648713680877048
16.79,17.373095123955316,-0.5830951239553173,0.5830951239553173
9.356666667,10.261490695974471,-0.9048240289744705,0.9048240289744705
8.951666667,10.99584657640133,-2.044179909401331,2.044179909401331
8.135,10.11889001626564,-1.98389001626564,1.98389001626564
8.420000000000002,10.161956284866102,-1.7419562848661005,1.7419562848661005
10.81698113,12.315890905658215,-1.4989097756582144,1.4989097756582144
11.89333333,12.846100046265702,-0.9527667162657014,0.9527667162657014
16.70666667,17.42083759622998,-0.7141709262299791,0.7141709262299791
18.71333333,19.521739164386624,-0.8084058343866225,0.8084058343866225
22.45166667,21.70644982610763,0.7452168438923721,0.7452168438923721
30.58833333,29.850364445340666,0.7379688846593346,0.7379688846593346
43.98,42.03819579118345,1.9418042088165492,1.9418042088165492
49.355,46.22469196291962,3.1303080370803755,3.1303080370803755
46.20166667,44.65342667704648,1.548239992953519,1.548239992953519
31.93666667,30.712220998844224,1.2244456711557774,1.2244456711557774
26.02166667,24.74749335596598,1.2741733140340195,1.2741733140340195
20.72333333,20.776593801045216,-0.05326047104521692,0.05326047104521692
19.89333333,19.682796142867904,0.2105371871320969,0.2105371871320969
12.98,14.571191499525092,-1.5911914995250918,1.5911914995250918
12.01333333,13.42403058303248,-1.4106972530324793,1.4106972530324793
11.225,12.856743959932345,-1.6317439599323453,1.6317439599323453
17.86166667,17.73444860837406,0.12721806162594262,0.12721806162594262
13.83166667,15.313997792949024,-1.4823311229490237,1.4823311229490237
15.615,16.532343209894993,-0.9173432098949927,0.9173432098949927
18.76666667,19.373452212135806,-0.6067855421358068,0.6067855421358068
27.85833333,26.937382878789588,0.9209504512104125,0.9209504512104125
38.275,37.45966485738532,0.8153351426146784,0.8153351426146784
24.935,24.496188094888225,0.43881190511177337,0.43881190511177337
21.68245614,20.755505325239337,0.9269508147606622,0.9269508147606622
31.71071429,30.931548246548445,0.7791660434515535,0.7791660434515535
28.36666667,28.675155814824805,-0.3084891448248044,0.3084891448248044
26.36833333,25.76533154543747,0.6030017845625295,0.6030017845625295
23.425,23.16119715508707,0.2638028449129308,0.2638028449129308
37.63833333,37.636389827961445,0.0019435020385571988,0.0019435020385571988
48.47333333,46.5733016870186,1.9000316429814035,1.9000316429814035
55.66166667,52.31340357848018,3.3482630915198257,3.3482630915198257
60.76833333,56.61551729742903,4.152816032570968,4.152816032570968
53.78333333,50.86276086258722,2.920572467412775,2.920572467412775
36.80333333,34.84504375266493,1.9582895773350728,1.9582895773350728
16.255,17.439659834998185,-1.184659834998186,1.184659834998186
11.65833333,12.999733200805874,-1.3413998708058745,1.3413998708058745
11.915,13.783136529523432,-1.868136529523433,1.868136529523433
12.173333330000002,13.29175054424315,-1.1184172142431485,1.1184172142431485
12.66833333,13.764261204299203,-1.0959278742992034,1.0959278742992034
15.23166667,16.20398192786042,-0.9723152578604193,0.9723152578604193
19.13,19.10203685071337,0.027963149286627242,0.027963149286627242
18.19166667,18.71566280838434,-0.5239961383843408,0.5239961383843408
18.06,18.759746435336098,-0.6997464353360989,0.6997464353360989
17.475,17.81563665721406,-0.3406366572140591,0.3406366572140591
22.74833333,21.93813211449988,0.8102012155001219,0.8102012155001219
18.10166667,18.62659958187674,-0.5249329118767392,0.5249329118767392
11.993333330000002,13.252432971773256,-1.259099641773254,1.259099641773254
10.27192982,11.702954367453017,-1.431024547453017,1.431024547453017
12.52545455,13.513810397462908,-0.988355847462909,0.988355847462909
14.17,14.912170402121227,-0.7421704021212268,0.7421704021212268
15.735,16.682961370666977,-0.9479613706669774,0.9479613706669774
20.66333333,20.453583792245052,0.20974953775494853,0.20974953775494853
24.99666667,23.929324895700027,1.0673417742999725,1.0673417742999725
26.75166667,25.740660130017446,1.011006539982553,1.011006539982553
28.93666667,28.61930822921778,0.31735844078222186,0.31735844078222186
30.908333330000005,30.419029097759,0.48930423224100394,0.48930423224100394
31.99833333,31.241606110880568,0.7567272191194334,0.7567272191194334
31.635,31.303901403122723,0.33109859687727905,0.33109859687727905
25.57666667,25.077484471434055,0.49918219856594703,0.49918219856594703
8.506666667,9.868907004110502,-1.362240337110503,1.362240337110503
9.091666667,9.980605978533337,-0.8889393115333366,0.8889393115333366
10.57166667,11.990034512012883,-1.4183678420128825,1.4183678420128825
13.97333333,14.53245676880225,-0.5591234388022492,0.5591234388022492
13.32,14.451165716390857,-1.131165716390857,1.131165716390857
13.92,14.97525105697849,-1.0552510569784896,1.0552510569784896
18.975,19.57915161194365,-0.6041516119436494,0.6041516119436494
22.01333333,21.114269299873264,0.8990640301267341,0.8990640301267341
21.67,20.99361234254694,0.6763876574530627,0.6763876574530627
19.55,19.802184056577907,-0.25218405657790655,0.25218405657790655
20.99,20.59879917799693,0.3912008220030678,0.3912008220030678
21.895,21.307854845817175,0.5871451541828243,0.5871451541828243
19.71929825,19.704085832188824,0.015212417811177659,0.015212417811177659
21.45,20.878466551691233,0.5715334483087666,0.5715334483087666
23.295,22.820311431106287,0.4746885688937148,0.4746885688937148
27.29833333,27.290911419590167,0.007421910409831867,0.007421910409831867
42.19166666999999,41.07206666228745,1.1196000077125419,1.1196000077125419
52.64333333,49.73204914104495,2.911284188955044,2.911284188955044
33.25333333,32.38178401910088,0.8715493108991197,0.8715493108991197
28.26833333,26.043612332593792,2.2247209974062088,2.2247209974062088
28.69666667,29.48681318164246,-0.7901465116424617,0.7901465116424617
19.02833333,19.380976979576882,-0.35264364957688343,0.35264364957688343
20.78833333,20.032989309176504,0.7553440208234967,0.7553440208234967
16.805,18.145731727055725,-1.3407317270557257,1.3407317270557257
22.32,21.128243398236553,1.1917566017634478,1.1917566017634478
21.75333333,21.135806871250416,0.6175264587495839,0.6175264587495839
20.76,20.581567314371036,0.17843268562896597,0.17843268562896597
21.495,21.179105452521128,0.315894547478873,0.315894547478873
18.34833333,18.107598378722784,0.240734951277215,0.240734951277215
15.40833333,15.96416045572374,-0.5558271257237397,0.5558271257237397
16.755,16.887751169705908,-0.13275116970590872,0.13275116970590872
15.72333333,15.883640820828562,-0.16030749082856133,0.16030749082856133
15.06666667,15.405401260598671,-0.33873459059867095,0.33873459059867095
14.65166667,14.903219233300153,-0.2515525633001534,0.2515525633001534
12.85166667,13.254801736981229,-0.40313506698122836,0.40313506698122836
11.79833333,12.612220453995095,-0.8138871239950944,0.8138871239950944
13.583333330000002,14.097403595183767,-0.514070265183765,0.514070265183765
16.92881356,17.462592867067162,-0.5337793070671637,0.5337793070671637
18.64666667,19.417623293081352,-0.7709566230813536,0.7709566230813536
19.09833333,19.640494398467727,-0.5421610684677276,0.5421610684677276
21.17833333,20.772529913986183,0.40580341601381775,0.40580341601381775
21.02666667,20.700164358736533,0.32650231126346796,0.32650231126346796
15.505,15.766643025759212,-0.26164302575921106,0.26164302575921106
13.025000000000002,13.499129377665799,-0.4741293776657969,0.4741293776657969
12.44166667,13.202407464955428,-0.7607407949554279,0.7607407949554279
13.36333333,13.682827531558189,-0.3194942015581894,0.3194942015581894
13.40166667,13.405067784006082,-0.003401114006083006,0.003401114006083006
11.57333333,12.33172746705932,-0.7583941370593195,0.7583941370593195
10.135,11.028064191928628,-0.8930641919286284,0.8930641919286284
11.08,11.90713216681084,-0.8271321668108396,0.8271321668108396
11.53166667,12.199572300291926,-0.6679056302919264,0.6679056302919264
12.32666667,12.898759909038663,-0.5720932390386633,0.5720932390386633
11.23166667,12.094042764394427,-0.8623760943944276,0.8623760943944276
11.501666670000002,12.252411547746144,-0.7507448777461416,0.7507448777461416
13.64,14.088062280527662,-0.4480622805276617,0.4480622805276617
12.99833333,13.467316170006491,-0.4689828400064915,0.4689828400064915
13.08,13.462438554733456,-0.3824385547334561,0.3824385547334561
11.88166667,12.464486076288043,-0.5828194062880439,0.5828194062880439
12.94166667,13.20526937956982,-0.26360270956982035,0.26360270956982035
11.908333330000001,12.437513719550136,-0.5291803895501346,0.5291803895501346
10.53518519,11.419139911507404,-0.8839547215074042,0.8839547215074042
9.849152542,10.86650705187472,-1.0173545098747194,1.0173545098747194
11.035,12.09953523175516,-1.0645352317551602,1.0645352317551602
10.68166667,11.787175158368889,-1.1055084883688888,1.1055084883688888
13.2,13.716724263766224,-0.5167242637662248,0.5167242637662248
15.01166667,15.784898744884755,-0.7732320748847545,0.7732320748847545
11.908333330000001,12.714046932267504,-0.8057136022675024,0.8057136022675024
9.063333333,10.667420481350296,-1.6040871483502972,1.6040871483502972
10.69333333,11.628419081588735,-0.9350857515887352,0.9350857515887352
10.145,11.192641079761712,-1.0476410797617124,1.0476410797617124
8.636666667,10.110585076004782,-1.4739184090047814,1.4739184090047814
8.391666667,10.045877915521709,-1.6542112485217082,1.6542112485217082
8.138333333,10.009739191732034,-1.8714058587320341,1.8714058587320341
14.81166667,15.566501381729662,-0.7548347117296625,0.7548347117296625
14.46166667,15.250752649311599,-0.789085979311599,0.789085979311599
14.7,15.277247703346372,-0.577247703346373,0.577247703346373
16.77833333,17.327660565547983,-0.5493272355479846,0.5493272355479846
22.37666667,21.53603580511723,0.840630864882769,0.840630864882769
13.95166667,14.657042599275563,-0.7053759292755633,0.7053759292755633
11.80166667,12.525590330310827,-0.7239236603108274,0.7239236603108274
14.95333333,15.55241936731696,-0.59908603731696,0.59908603731696
18.98,19.498402516784818,-0.5184025167848176,0.5184025167848176
19.905,20.004334111782587,-0.09933411178258567,0.09933411178258567
17.12333333,18.183585381075574,-1.0602520510755724,1.0602520510755724
37.02830189,35.979571360359714,1.048730529640288,1.048730529640288
37.58,37.83421626864015,-0.2542162686401497,0.2542162686401497
31.21833333,30.820650481444016,0.39768284855598424,0.39768284855598424
23.75833333,22.25356137737959,1.504771952620409,1.504771952620409
25.95333333,25.656181988640125,0.297151341359875,0.297151341359875
39.30166667,38.22345693997781,1.078209730022195,1.078209730022195
24.665,24.30027213275831,0.36472786724169026,0.36472786724169026
23.02666667,22.04303602255144,0.9836306474485603,0.9836306474485603
37.22333333,36.64171254615226,0.5816207838477396,0.5816207838477396
23.73166667,23.851243434573238,-0.11957676457323885,0.11957676457323885
24.47,22.916969348633234,1.5530306513667647,1.5530306513667647
27.30666667,27.707895865181943,-0.4012291951819442,0.4012291951819442
28.63833333,28.70041609373913,-0.0620827637391308,0.0620827637391308
28.0,27.78454700286967,0.21545299713033117,0.21545299713033117
22.56666667,21.795836642296436,0.770830027703564,0.770830027703564
17.23666667,17.690717253636468,-0.4540505836364659,0.4540505836364659
14.14666667,14.373365692714518,-0.22669902271451825,0.22669902271451825
15.085,15.331078954426621,-0.2460789544266202,0.2460789544266202
16.28166667,16.727456378036177,-0.4457897080361768,0.4457897080361768
16.71666667,17.00752594106001,-0.2908592710600111,0.2908592710600111
13.93,14.64472749227983,-0.714727492279831,0.714727492279831
15.54666667,15.706834715131585,-0.16016804513158434,0.16016804513158434
17.80166667,17.728851711238637,0.0728149587613629,0.0728149587613629
14.38666667,15.095468268288482,-0.7088015982884812,0.7088015982884812
14.42075472,14.833877862906597,-0.41312314290659735,0.41312314290659735
12.09333333,13.759044469575736,-1.6657111395757358,1.6657111395757358
41.361666670000005,39.06690976614708,2.294756903852928,2.294756903852928
40.08166667,40.52087014784108,-0.43920347784108316,0.43920347784108316
35.045,34.28735262534168,0.757647374658319,0.757647374658319
32.86833333,31.935121233717187,0.9332120962828121,0.9332120962828121
23.16833333,22.075265998507305,1.0930673314926942,1.0930673314926942
21.05833333,20.380803528770272,0.6775298012297277,0.6775298012297277
22.25166667,21.572756419851757,0.6789102501482418,0.6789102501482418
22.74666667,22.321170386169353,0.42549628383064686,0.42549628383064686
22.29833333,21.74238793063364,0.5559453993663581,0.5559453993663581
23.28,23.0866441209151,0.19335587908490126,0.19335587908490126
24.76166667,24.547007204606878,0.21465946539312242,0.21465946539312242
23.535,22.888293471291522,0.6467065287084779,0.6467065287084779
21.36166667,20.734304179373055,0.6273624906269468,0.6273624906269468
17.99333333,18.321580058005782,-0.3282467280057837,0.3282467280057837
11.80166667,12.681615069311707,-0.8799483993117079,0.8799483993117079
15.47833333,15.178319904039993,0.3000134259600067,0.3000134259600067
18.94833333,19.04582613790043,-0.09749280790043002,0.09749280790043002
19.215,19.745415341725327,-0.5304153417253268,0.5304153417253268
17.975,18.244191256279848,-0.2691912562798464,0.2691912562798464
19.91166667,19.82015699128322,0.09150967871677906,0.09150967871677906
17.65666667,17.749028209270108,-0.09236153927010804,0.09236153927010804
13.51166667,14.08808763525293,-0.5764209652529289,0.5764209652529289
14.25471698,14.558109095155999,-0.30339211515599906,0.30339211515599906
13.438983049999997,14.577785629698631,-1.138802579698634,1.138802579698634
27.485,27.437925723099667,0.04707427690033228,0.04707427690033228
36.44833333,35.929369004333154,0.5189643256668433,0.5189643256668433
33.465,32.66118675285021,0.8038132471497903,0.8038132471497903
26.39833333,25.56654606227558,0.8317872677244189,0.8317872677244189
36.49166667,35.21884339631562,1.2728232736843808,1.2728232736843808
23.49833333,23.27386626468539,0.22446706531460947,0.22446706531460947
15.26666667,15.430370277106503,-0.16370360710650367,0.16370360710650367
11.90333333,13.110572650042194,-1.2072393200421931,1.2072393200421931
10.69166667,12.07842108428995,-1.3867544142899497,1.3867544142899497
10.30833333,11.321162914398498,-1.0128295843984976,1.0128295843984976
11.565,12.187922437900358,-0.6229224379003586,0.6229224379003586
10.98,12.163667473842828,-1.1836674738428279,1.1836674738428279
10.375,11.384492045563366,-1.0094920455633662,1.0094920455633662
14.27666667,14.910564814143761,-0.6338981441437621,0.6338981441437621
14.76666667,16.055541421054713,-1.2888747510547134,1.2888747510547134
10.61,11.921273764827918,-1.3112737648279182,1.3112737648279182
11.92166667,12.433086150650572,-0.5114194806505719,0.5114194806505719
16.50666667,17.08078493344122,-0.5741182634412176,0.5741182634412176
11.825,12.618497016234677,-0.7934970162346779,0.7934970162346779
11.895,12.41083737922971,-0.5158373792297102,0.5158373792297102
14.07,14.753670725000323,-0.6836707250003222,0.6836707250003222
13.305,14.161771002348278,-0.8567710023482782,0.8567710023482782
13.23333333,13.620731273909376,-0.38739794390937554,0.38739794390937554
12.70188679,13.568214031466034,-0.8663272414660348,0.8663272414660348
12.38833333,13.21269514473208,-0.8243618147320806,0.8243618147320806
15.60666667,16.01485374261826,-0.4081870726182615,0.4081870726182615
15.21166667,16.22773645302801,-1.016069783028012,1.016069783028012
17.02666667,17.51533529116427,-0.488668621164269,0.488668621164269
15.36833333,16.11550471244053,-0.7471713824405288,0.7471713824405288
19.585,19.67701035302925,-0.09201035302924865,0.09201035302924865
18.98166667,19.248387375438757,-0.2667207054387575,0.2667207054387575
11.05666667,11.999221162844865,-0.9425544928448648,0.9425544928448648
9.583333333,11.196449359496656,-1.6131160264966553,1.6131160264966553
9.671666667,11.279096255841644,-1.6074295888416437,1.6074295888416437
10.64333333,11.286715984652192,-0.643382654652191,0.643382654652191
11.0,11.946415510401625,-0.946415510401625,0.946415510401625
10.96833333,11.82414234780663,-0.8558090178066298,0.8558090178066298
9.606666667,10.85915164607507,-1.252484979075069,1.252484979075069
8.246666667,9.586250625241412,-1.3395839582414126,1.3395839582414126
7.699999999999999,9.530292746579484,-1.8302927465794845,1.8302927465794845
7.968333333,9.776958726801704,-1.8086253938017034,1.8086253938017034
10.245,11.406884705050112,-1.161884705050113,1.161884705050113
14.475,15.59709629483994,-1.12209629483994,1.12209629483994
17.73666667,18.244293784450143,-0.5076271144501412,0.5076271144501412
18.63333333,19.23606343390594,-0.602730103905941,0.602730103905941
18.92833333,19.667649824245405,-0.7393164942454042,0.7393164942454042
19.01403509,19.443573359181563,-0.42953826918156324,0.42953826918156324
18.53392857,19.113937447567764,-0.5800088775677636,0.5800088775677636
19.94,19.86657959164076,0.07342040835924024,0.07342040835924024
17.725,18.13959271420071,-0.4145927142007082,0.4145927142007082
19.435,19.688329058938788,-0.2533290589387889,0.2533290589387889
20.02333333,20.001615055198364,0.021718274801635573,0.021718274801635573
24.19333333,22.82338347300632,1.3699498569936814,1.3699498569936814
22.855,21.92094636478056,0.934053635219442,0.934053635219442
18.80166667,18.885560068380414,-0.08389339838041465,0.08389339838041465
13.11333333,13.936317419151672,-0.8229840891516726,0.8229840891516726
12.01,12.869965181422268,-0.8599651814222682,0.8599651814222682
12.83666667,13.482203196946388,-0.6455365269463886,0.6455365269463886
13.16333333,13.293276264836027,-0.12994293483602704,0.12994293483602704
12.815,13.245262021599917,-0.43026202159991733,0.43026202159991733
10.38333333,11.219307278192034,-0.8359739481920343,0.8359739481920343
11.158333329999998,11.857690452542258,-0.6993571225422599,0.6993571225422599
10.79666667,11.561082002227451,-0.7644153322274505,0.7644153322274505
10.04666667,11.292226200320613,-1.2455595303206124,1.2455595303206124
10.69833333,11.886901631521148,-1.1885683015211477,1.1885683015211477
12.535,13.077724335723904,-0.5427243357239036,0.5427243357239036
12.13666667,12.772788125895502,-0.636121455895502,0.636121455895502
10.905,11.896405850287085,-0.9914058502870855,0.9914058502870855
10.25333333,11.401669238062908,-1.1483359080629079,1.1483359080629079
11.105,12.309071752297939,-1.2040717522979385,1.2040717522979385
14.89107143,15.588083640810096,-0.6970122108100956,0.6970122108100956
15.66491228,16.274874373572118,-0.6099620935721184,0.6099620935721184
16.71333333,17.283513234848993,-0.5701799048489917,0.5701799048489917
14.19166667,15.03422424634267,-0.8425575763426707,0.8425575763426707
11.756666669999998,12.621487606079796,-0.8648209360797985,0.8648209360797985
15.10833333,15.329275282658015,-0.22094195265801453,0.22094195265801453
